zipcode,averageRating
8923,100
8039,98.4285714285714
8196,98
8000,97.3333333333333
8033,95
8034,94.4516129032258
8016,94.0833333333333
8022,93.5813953488372
8017,93.3555555555556
8197,93
